Theme,RAG Avg Distance (PCA),CARAG Avg Distance (PCA),Difference (PCA),RAG Avg Distance (t-SNE),CARAG Avg Distance (t-SNE),Difference (t-SNE),Better Alignment (PCA),Better Alignment (t-SNE)
Climate,0.2056297022073051,0.2093567687053842,0.003727066498079107,37.41710044457245,37.30711529678873,-0.10998514778371771,RAG,CARAG
Covid,0.2731810583761425,0.21200821754209698,-0.061172840834045505,31.671799344758448,31.557836701010018,-0.11396264374842957,CARAG,CARAG
Electric_Vehicles,0.2881029025970675,0.1857532687732106,-0.1023496338238569,76.46606051489161,76.29734587442198,-0.1687146404696307,CARAG,CARAG
