Theme,RAG Avg Distance (PCA),CARAG Avg Distance (PCA),Difference (PCA),RAG Avg Distance (t-SNE),CARAG Avg Distance (t-SNE),Difference (t-SNE),Better Alignment (PCA),Better Alignment (t-SNE)
Climate,0.20559673325574393,0.20935154170158204,0.003754808445838115,37.41708418427333,37.307123987144465,-0.10996019712886351,RAG,CARAG
Covid,0.2731813014914997,0.2120349010057494,-0.06114640048575032,31.671805488637244,31.557851289712364,-0.11395419892487979,CARAG,CARAG
Electric_Vehicles,0.28809357096844873,0.18575817638137332,-0.10233539458707541,76.46606004943357,76.2973456912817,-0.16871435815185976,CARAG,CARAG
